row,status,message,action,error,failedData
1,error,Ze is not a function,error,Ze is not a function,"{""error"":""Ze is not a function""}"
2,error,Ze is not a function,error,Ze is not a function,"{""error"":""Ze is not a function""}"
3,error,Ze is not a function,error,Ze is not a function,"{""error"":""Ze is not a function""}"
4,error,Ze is not a function,error,Ze is not a function,"{""error"":""Ze is not a function""}"
5,error,Ze is not a function,error,Ze is not a function,"{""error"":""Ze is not a function""}"
6,error,Ze is not a function,error,Ze is not a function,"{""error"":""Ze is not a function""}"
7,error,Ze is not a function,error,Ze is not a function,"{""error"":""Ze is not a function""}"
8,error,Ze is not a function,error,Ze is not a function,"{""error"":""Ze is not a function""}"
9,error,Ze is not a function,error,Ze is not a function,"{""error"":""Ze is not a function""}"
10,error,Ze is not a function,error,Ze is not a function,"{""error"":""Ze is not a function""}"
11,error,Ze is not a function,error,Ze is not a function,"{""error"":""Ze is not a function""}"
12,error,Ze is not a function,error,Ze is not a function,"{""error"":""Ze is not a function""}"
13,error,Ze is not a function,error,Ze is not a function,"{""error"":""Ze is not a function""}"
14,error,Ze is not a function,error,Ze is not a function,"{""error"":""Ze is not a function""}"
15,error,Ze is not a function,error,Ze is not a function,"{""error"":""Ze is not a function""}"
16,error,Ze is not a function,error,Ze is not a function,"{""error"":""Ze is not a function""}"
17,error,Ze is not a function,error,Ze is not a function,"{""error"":""Ze is not a function""}"
18,error,Ze is not a function,error,Ze is not a function,"{""error"":""Ze is not a function""}"
19,error,Ze is not a function,error,Ze is not a function,"{""error"":""Ze is not a function""}"
20,error,Ze is not a function,error,Ze is not a function,"{""error"":""Ze is not a function""}"
21,error,Ze is not a function,error,Ze is not a function,"{""error"":""Ze is not a function""}"
22,error,Ze is not a function,error,Ze is not a function,"{""error"":""Ze is not a function""}"
23,error,Ze is not a function,error,Ze is not a function,"{""error"":""Ze is not a function""}"
24,error,Ze is not a function,error,Ze is not a function,"{""error"":""Ze is not a function""}"
25,error,Ze is not a function,error,Ze is not a function,"{""error"":""Ze is not a function""}"
26,error,Ze is not a function,error,Ze is not a function,"{""error"":""Ze is not a function""}"
27,error,Ze is not a function,error,Ze is not a function,"{""error"":""Ze is not a function""}"
28,error,Ze is not a function,error,Ze is not a function,"{""error"":""Ze is not a function""}"
29,error,Ze is not a function,error,Ze is not a function,"{""error"":""Ze is not a function""}"
30,error,Ze is not a function,error,Ze is not a function,"{""error"":""Ze is not a function""}"
31,error,Ze is not a function,error,Ze is not a function,"{""error"":""Ze is not a function""}"
32,error,Ze is not a function,error,Ze is not a function,"{""error"":""Ze is not a function""}"
33,error,Ze is not a function,error,Ze is not a function,"{""error"":""Ze is not a function""}"
34,error,Ze is not a function,error,Ze is not a function,"{""error"":""Ze is not a function""}"
35,error,Ze is not a function,error,Ze is not a function,"{""error"":""Ze is not a function""}"
36,error,Ze is not a function,error,Ze is not a function,"{""error"":""Ze is not a function""}"
37,error,Ze is not a function,error,Ze is not a function,"{""error"":""Ze is not a function""}"
38,error,Ze is not a function,error,Ze is not a function,"{""error"":""Ze is not a function""}"
39,error,Ze is not a function,error,Ze is not a function,"{""error"":""Ze is not a function""}"
40,error,Ze is not a function,error,Ze is not a function,"{""error"":""Ze is not a function""}"
41,error,Ze is not a function,error,Ze is not a function,"{""error"":""Ze is not a function""}"
42,error,Ze is not a function,error,Ze is not a function,"{""error"":""Ze is not a function""}"
43,error,Ze is not a function,error,Ze is not a function,"{""error"":""Ze is not a function""}"
44,error,Ze is not a function,error,Ze is not a function,"{""error"":""Ze is not a function""}"
45,error,Ze is not a function,error,Ze is not a function,"{""error"":""Ze is not a function""}"
46,error,Ze is not a function,error,Ze is not a function,"{""error"":""Ze is not a function""}"
47,error,Ze is not a function,error,Ze is not a function,"{""error"":""Ze is not a function""}"
48,error,Ze is not a function,error,Ze is not a function,"{""error"":""Ze is not a function""}"
49,error,Ze is not a function,error,Ze is not a function,"{""error"":""Ze is not a function""}"
50,error,Ze is not a function,error,Ze is not a function,"{""error"":""Ze is not a function""}"
51,error,Ze is not a function,error,Ze is not a function,"{""error"":""Ze is not a function""}"
52,error,Ze is not a function,error,Ze is not a function,"{""error"":""Ze is not a function""}"
53,error,Ze is not a function,error,Ze is not a function,"{""error"":""Ze is not a function""}"
54,error,Ze is not a function,error,Ze is not a function,"{""error"":""Ze is not a function""}"
55,error,Ze is not a function,error,Ze is not a function,"{""error"":""Ze is not a function""}"
56,error,Ze is not a function,error,Ze is not a function,"{""error"":""Ze is not a function""}"
57,error,Ze is not a function,error,Ze is not a function,"{""error"":""Ze is not a function""}"
58,error,Ze is not a function,error,Ze is not a function,"{""error"":""Ze is not a function""}"
59,error,Ze is not a function,error,Ze is not a function,"{""error"":""Ze is not a function""}"
60,error,Ze is not a function,error,Ze is not a function,"{""error"":""Ze is not a function""}"
61,error,Ze is not a function,error,Ze is not a function,"{""error"":""Ze is not a function""}"
62,error,Ze is not a function,error,Ze is not a function,"{""error"":""Ze is not a function""}"
63,error,Ze is not a function,error,Ze is not a function,"{""error"":""Ze is not a function""}"
64,error,Ze is not a function,error,Ze is not a function,"{""error"":""Ze is not a function""}"
65,error,Ze is not a function,error,Ze is not a function,"{""error"":""Ze is not a function""}"
66,error,Ze is not a function,error,Ze is not a function,"{""error"":""Ze is not a function""}"
67,error,Ze is not a function,error,Ze is not a function,"{""error"":""Ze is not a function""}"
68,error,Ze is not a function,error,Ze is not a function,"{""error"":""Ze is not a function""}"
69,error,Ze is not a function,error,Ze is not a function,"{""error"":""Ze is not a function""}"
70,error,Ze is not a function,error,Ze is not a function,"{""error"":""Ze is not a function""}"
71,error,Ze is not a function,error,Ze is not a function,"{""error"":""Ze is not a function""}"
72,error,Ze is not a function,error,Ze is not a function,"{""error"":""Ze is not a function""}"
73,error,Ze is not a function,error,Ze is not a function,"{""error"":""Ze is not a function""}"
74,error,Ze is not a function,error,Ze is not a function,"{""error"":""Ze is not a function""}"
75,error,Ze is not a function,error,Ze is not a function,"{""error"":""Ze is not a function""}"
76,error,Ze is not a function,error,Ze is not a function,"{""error"":""Ze is not a function""}"
77,error,Ze is not a function,error,Ze is not a function,"{""error"":""Ze is not a function""}"
78,error,Ze is not a function,error,Ze is not a function,"{""error"":""Ze is not a function""}"
79,error,Ze is not a function,error,Ze is not a function,"{""error"":""Ze is not a function""}"
80,error,Ze is not a function,error,Ze is not a function,"{""error"":""Ze is not a function""}"
81,error,Ze is not a function,error,Ze is not a function,"{""error"":""Ze is not a function""}"
82,error,Ze is not a function,error,Ze is not a function,"{""error"":""Ze is not a function""}"
83,error,Ze is not a function,error,Ze is not a function,"{""error"":""Ze is not a function""}"
84,error,Ze is not a function,error,Ze is not a function,"{""error"":""Ze is not a function""}"
85,error,Ze is not a function,error,Ze is not a function,"{""error"":""Ze is not a function""}"
86,error,Ze is not a function,error,Ze is not a function,"{""error"":""Ze is not a function""}"
87,error,Ze is not a function,error,Ze is not a function,"{""error"":""Ze is not a function""}"
88,error,Ze is not a function,error,Ze is not a function,"{""error"":""Ze is not a function""}"
89,error,Ze is not a function,error,Ze is not a function,"{""error"":""Ze is not a function""}"
90,error,Ze is not a function,error,Ze is not a function,"{""error"":""Ze is not a function""}"
91,error,Ze is not a function,error,Ze is not a function,"{""error"":""Ze is not a function""}"
92,error,Ze is not a function,error,Ze is not a function,"{""error"":""Ze is not a function""}"
93,error,Ze is not a function,error,Ze is not a function,"{""error"":""Ze is not a function""}"
94,error,Ze is not a function,error,Ze is not a function,"{""error"":""Ze is not a function""}"
95,error,Ze is not a function,error,Ze is not a function,"{""error"":""Ze is not a function""}"
96,error,Ze is not a function,error,Ze is not a function,"{""error"":""Ze is not a function""}"
97,error,Ze is not a function,error,Ze is not a function,"{""error"":""Ze is not a function""}"
98,error,Ze is not a function,error,Ze is not a function,"{""error"":""Ze is not a function""}"
99,error,Ze is not a function,error,Ze is not a function,"{""error"":""Ze is not a function""}"
100,error,Ze is not a function,error,Ze is not a function,"{""error"":""Ze is not a function""}"
101,error,Ze is not a function,error,Ze is not a function,"{""error"":""Ze is not a function""}"
102,error,Ze is not a function,error,Ze is not a function,"{""error"":""Ze is not a function""}"
103,error,Ze is not a function,error,Ze is not a function,"{""error"":""Ze is not a function""}"
104,error,Ze is not a function,error,Ze is not a function,"{""error"":""Ze is not a function""}"
105,error,Ze is not a function,error,Ze is not a function,"{""error"":""Ze is not a function""}"
106,error,Ze is not a function,error,Ze is not a function,"{""error"":""Ze is not a function""}"
107,error,Ze is not a function,error,Ze is not a function,"{""error"":""Ze is not a function""}"
108,error,Ze is not a function,error,Ze is not a function,"{""error"":""Ze is not a function""}"
109,error,Ze is not a function,error,Ze is not a function,"{""error"":""Ze is not a function""}"
110,error,Ze is not a function,error,Ze is not a function,"{""error"":""Ze is not a function""}"
111,error,Ze is not a function,error,Ze is not a function,"{""error"":""Ze is not a function""}"
112,error,Ze is not a function,error,Ze is not a function,"{""error"":""Ze is not a function""}"
113,error,Ze is not a function,error,Ze is not a function,"{""error"":""Ze is not a function""}"
114,error,Ze is not a function,error,Ze is not a function,"{""error"":""Ze is not a function""}"
115,error,Ze is not a function,error,Ze is not a function,"{""error"":""Ze is not a function""}"
116,error,Ze is not a function,error,Ze is not a function,"{""error"":""Ze is not a function""}"
117,error,Ze is not a function,error,Ze is not a function,"{""error"":""Ze is not a function""}"
118,error,Ze is not a function,error,Ze is not a function,"{""error"":""Ze is not a function""}"
119,error,Ze is not a function,error,Ze is not a function,"{""error"":""Ze is not a function""}"
120,error,Ze is not a function,error,Ze is not a function,"{""error"":""Ze is not a function""}"
121,error,Ze is not a function,error,Ze is not a function,"{""error"":""Ze is not a function""}"
122,error,Ze is not a function,error,Ze is not a function,"{""error"":""Ze is not a function""}"
123,error,Ze is not a function,error,Ze is not a function,"{""error"":""Ze is not a function""}"
124,error,Ze is not a function,error,Ze is not a function,"{""error"":""Ze is not a function""}"
125,error,Ze is not a function,error,Ze is not a function,"{""error"":""Ze is not a function""}"
126,error,Ze is not a function,error,Ze is not a function,"{""error"":""Ze is not a function""}"
127,error,Ze is not a function,error,Ze is not a function,"{""error"":""Ze is not a function""}"
128,error,Ze is not a function,error,Ze is not a function,"{""error"":""Ze is not a function""}"
129,error,Ze is not a function,error,Ze is not a function,"{""error"":""Ze is not a function""}"
130,error,Ze is not a function,error,Ze is not a function,"{""error"":""Ze is not a function""}"
131,error,Ze is not a function,error,Ze is not a function,"{""error"":""Ze is not a function""}"
132,error,Ze is not a function,error,Ze is not a function,"{""error"":""Ze is not a function""}"
133,error,Ze is not a function,error,Ze is not a function,"{""error"":""Ze is not a function""}"
134,error,Ze is not a function,error,Ze is not a function,"{""error"":""Ze is not a function""}"
135,error,Ze is not a function,error,Ze is not a function,"{""error"":""Ze is not a function""}"
136,error,Ze is not a function,error,Ze is not a function,"{""error"":""Ze is not a function""}"
137,error,Ze is not a function,error,Ze is not a function,"{""error"":""Ze is not a function""}"
138,error,Ze is not a function,error,Ze is not a function,"{""error"":""Ze is not a function""}"
139,error,Ze is not a function,error,Ze is not a function,"{""error"":""Ze is not a function""}"
140,error,Ze is not a function,error,Ze is not a function,"{""error"":""Ze is not a function""}"
141,error,Ze is not a function,error,Ze is not a function,"{""error"":""Ze is not a function""}"
142,error,Ze is not a function,error,Ze is not a function,"{""error"":""Ze is not a function""}"
143,error,Ze is not a function,error,Ze is not a function,"{""error"":""Ze is not a function""}"
144,error,Ze is not a function,error,Ze is not a function,"{""error"":""Ze is not a function""}"
145,error,Ze is not a function,error,Ze is not a function,"{""error"":""Ze is not a function""}"
146,error,Ze is not a function,error,Ze is not a function,"{""error"":""Ze is not a function""}"
147,error,Ze is not a function,error,Ze is not a function,"{""error"":""Ze is not a function""}"
148,error,Ze is not a function,error,Ze is not a function,"{""error"":""Ze is not a function""}"
149,error,Ze is not a function,error,Ze is not a function,"{""error"":""Ze is not a function""}"
150,error,Ze is not a function,error,Ze is not a function,"{""error"":""Ze is not a function""}"
151,error,Ze is not a function,error,Ze is not a function,"{""error"":""Ze is not a function""}"
152,error,Ze is not a function,error,Ze is not a function,"{""error"":""Ze is not a function""}"
153,error,Ze is not a function,error,Ze is not a function,"{""error"":""Ze is not a function""}"
154,error,Ze is not a function,error,Ze is not a function,"{""error"":""Ze is not a function""}"
155,error,Ze is not a function,error,Ze is not a function,"{""error"":""Ze is not a function""}"
156,error,Ze is not a function,error,Ze is not a function,"{""error"":""Ze is not a function""}"
157,error,Ze is not a function,error,Ze is not a function,"{""error"":""Ze is not a function""}"
158,error,Ze is not a function,error,Ze is not a function,"{""error"":""Ze is not a function""}"
159,error,Ze is not a function,error,Ze is not a function,"{""error"":""Ze is not a function""}"
160,error,Ze is not a function,error,Ze is not a function,"{""error"":""Ze is not a function""}"
161,error,Ze is not a function,error,Ze is not a function,"{""error"":""Ze is not a function""}"
162,error,Ze is not a function,error,Ze is not a function,"{""error"":""Ze is not a function""}"
163,error,Ze is not a function,error,Ze is not a function,"{""error"":""Ze is not a function""}"
164,error,Ze is not a function,error,Ze is not a function,"{""error"":""Ze is not a function""}"
165,error,Ze is not a function,error,Ze is not a function,"{""error"":""Ze is not a function""}"
166,error,Ze is not a function,error,Ze is not a function,"{""error"":""Ze is not a function""}"
167,error,Ze is not a function,error,Ze is not a function,"{""error"":""Ze is not a function""}"
168,error,Ze is not a function,error,Ze is not a function,"{""error"":""Ze is not a function""}"
169,error,Ze is not a function,error,Ze is not a function,"{""error"":""Ze is not a function""}"
170,error,Ze is not a function,error,Ze is not a function,"{""error"":""Ze is not a function""}"
171,error,Ze is not a function,error,Ze is not a function,"{""error"":""Ze is not a function""}"
172,error,Ze is not a function,error,Ze is not a function,"{""error"":""Ze is not a function""}"
173,error,Ze is not a function,error,Ze is not a function,"{""error"":""Ze is not a function""}"
174,error,Ze is not a function,error,Ze is not a function,"{""error"":""Ze is not a function""}"
175,error,Ze is not a function,error,Ze is not a function,"{""error"":""Ze is not a function""}"
176,error,Ze is not a function,error,Ze is not a function,"{""error"":""Ze is not a function""}"
177,error,Ze is not a function,error,Ze is not a function,"{""error"":""Ze is not a function""}"
178,error,Ze is not a function,error,Ze is not a function,"{""error"":""Ze is not a function""}"
179,error,Ze is not a function,error,Ze is not a function,"{""error"":""Ze is not a function""}"
180,error,Ze is not a function,error,Ze is not a function,"{""error"":""Ze is not a function""}"
181,error,Ze is not a function,error,Ze is not a function,"{""error"":""Ze is not a function""}"
182,error,Ze is not a function,error,Ze is not a function,"{""error"":""Ze is not a function""}"
183,error,Ze is not a function,error,Ze is not a function,"{""error"":""Ze is not a function""}"
184,error,Ze is not a function,error,Ze is not a function,"{""error"":""Ze is not a function""}"
185,error,Ze is not a function,error,Ze is not a function,"{""error"":""Ze is not a function""}"
186,error,Ze is not a function,error,Ze is not a function,"{""error"":""Ze is not a function""}"
187,error,Ze is not a function,error,Ze is not a function,"{""error"":""Ze is not a function""}"
188,error,Ze is not a function,error,Ze is not a function,"{""error"":""Ze is not a function""}"
189,error,Ze is not a function,error,Ze is not a function,"{""error"":""Ze is not a function""}"
190,error,Ze is not a function,error,Ze is not a function,"{""error"":""Ze is not a function""}"
191,error,Ze is not a function,error,Ze is not a function,"{""error"":""Ze is not a function""}"
192,error,Ze is not a function,error,Ze is not a function,"{""error"":""Ze is not a function""}"
193,error,Ze is not a function,error,Ze is not a function,"{""error"":""Ze is not a function""}"
194,error,Ze is not a function,error,Ze is not a function,"{""error"":""Ze is not a function""}"
195,error,Ze is not a function,error,Ze is not a function,"{""error"":""Ze is not a function""}"
196,error,Ze is not a function,error,Ze is not a function,"{""error"":""Ze is not a function""}"
197,error,Ze is not a function,error,Ze is not a function,"{""error"":""Ze is not a function""}"
198,error,Ze is not a function,error,Ze is not a function,"{""error"":""Ze is not a function""}"
199,error,Ze is not a function,error,Ze is not a function,"{""error"":""Ze is not a function""}"
200,error,Ze is not a function,error,Ze is not a function,"{""error"":""Ze is not a function""}"
201,error,Ze is not a function,error,Ze is not a function,"{""error"":""Ze is not a function""}"
202,error,Ze is not a function,error,Ze is not a function,"{""error"":""Ze is not a function""}"
203,error,Ze is not a function,error,Ze is not a function,"{""error"":""Ze is not a function""}"
204,error,Ze is not a function,error,Ze is not a function,"{""error"":""Ze is not a function""}"
205,error,Ze is not a function,error,Ze is not a function,"{""error"":""Ze is not a function""}"
206,error,Ze is not a function,error,Ze is not a function,"{""error"":""Ze is not a function""}"
207,error,Ze is not a function,error,Ze is not a function,"{""error"":""Ze is not a function""}"
208,error,Ze is not a function,error,Ze is not a function,"{""error"":""Ze is not a function""}"
209,error,Ze is not a function,error,Ze is not a function,"{""error"":""Ze is not a function""}"
210,error,Ze is not a function,error,Ze is not a function,"{""error"":""Ze is not a function""}"
211,error,Ze is not a function,error,Ze is not a function,"{""error"":""Ze is not a function""}"
212,error,Ze is not a function,error,Ze is not a function,"{""error"":""Ze is not a function""}"
213,error,Ze is not a function,error,Ze is not a function,"{""error"":""Ze is not a function""}"
214,error,Ze is not a function,error,Ze is not a function,"{""error"":""Ze is not a function""}"
215,error,Ze is not a function,error,Ze is not a function,"{""error"":""Ze is not a function""}"
216,error,Ze is not a function,error,Ze is not a function,"{""error"":""Ze is not a function""}"
217,error,Ze is not a function,error,Ze is not a function,"{""error"":""Ze is not a function""}"
218,error,Ze is not a function,error,Ze is not a function,"{""error"":""Ze is not a function""}"
219,error,Ze is not a function,error,Ze is not a function,"{""error"":""Ze is not a function""}"
220,error,Ze is not a function,error,Ze is not a function,"{""error"":""Ze is not a function""}"
221,error,Ze is not a function,error,Ze is not a function,"{""error"":""Ze is not a function""}"
222,error,Ze is not a function,error,Ze is not a function,"{""error"":""Ze is not a function""}"
223,error,Ze is not a function,error,Ze is not a function,"{""error"":""Ze is not a function""}"
224,error,Ze is not a function,error,Ze is not a function,"{""error"":""Ze is not a function""}"
225,error,Ze is not a function,error,Ze is not a function,"{""error"":""Ze is not a function""}"
226,error,Ze is not a function,error,Ze is not a function,"{""error"":""Ze is not a function""}"
227,error,Ze is not a function,error,Ze is not a function,"{""error"":""Ze is not a function""}"
228,error,Ze is not a function,error,Ze is not a function,"{""error"":""Ze is not a function""}"
229,error,Ze is not a function,error,Ze is not a function,"{""error"":""Ze is not a function""}"
230,error,Ze is not a function,error,Ze is not a function,"{""error"":""Ze is not a function""}"
231,error,Ze is not a function,error,Ze is not a function,"{""error"":""Ze is not a function""}"
232,error,Ze is not a function,error,Ze is not a function,"{""error"":""Ze is not a function""}"
233,error,Ze is not a function,error,Ze is not a function,"{""error"":""Ze is not a function""}"
234,error,Ze is not a function,error,Ze is not a function,"{""error"":""Ze is not a function""}"
235,error,Ze is not a function,error,Ze is not a function,"{""error"":""Ze is not a function""}"
236,error,Ze is not a function,error,Ze is not a function,"{""error"":""Ze is not a function""}"
237,error,Ze is not a function,error,Ze is not a function,"{""error"":""Ze is not a function""}"
238,error,Ze is not a function,error,Ze is not a function,"{""error"":""Ze is not a function""}"
239,error,Ze is not a function,error,Ze is not a function,"{""error"":""Ze is not a function""}"
240,error,Ze is not a function,error,Ze is not a function,"{""error"":""Ze is not a function""}"
241,error,Ze is not a function,error,Ze is not a function,"{""error"":""Ze is not a function""}"
242,error,Ze is not a function,error,Ze is not a function,"{""error"":""Ze is not a function""}"
243,error,Ze is not a function,error,Ze is not a function,"{""error"":""Ze is not a function""}"
244,error,Ze is not a function,error,Ze is not a function,"{""error"":""Ze is not a function""}"
245,error,Ze is not a function,error,Ze is not a function,"{""error"":""Ze is not a function""}"
246,error,Ze is not a function,error,Ze is not a function,"{""error"":""Ze is not a function""}"
247,error,Ze is not a function,error,Ze is not a function,"{""error"":""Ze is not a function""}"
248,error,Ze is not a function,error,Ze is not a function,"{""error"":""Ze is not a function""}"
249,error,Ze is not a function,error,Ze is not a function,"{""error"":""Ze is not a function""}"
250,error,Ze is not a function,error,Ze is not a function,"{""error"":""Ze is not a function""}"
251,error,Ze is not a function,error,Ze is not a function,"{""error"":""Ze is not a function""}"
252,error,Ze is not a function,error,Ze is not a function,"{""error"":""Ze is not a function""}"
253,error,Ze is not a function,error,Ze is not a function,"{""error"":""Ze is not a function""}"
254,error,Ze is not a function,error,Ze is not a function,"{""error"":""Ze is not a function""}"
255,error,Ze is not a function,error,Ze is not a function,"{""error"":""Ze is not a function""}"
256,error,Ze is not a function,error,Ze is not a function,"{""error"":""Ze is not a function""}"
257,error,Ze is not a function,error,Ze is not a function,"{""error"":""Ze is not a function""}"
258,error,Ze is not a function,error,Ze is not a function,"{""error"":""Ze is not a function""}"
259,error,Ze is not a function,error,Ze is not a function,"{""error"":""Ze is not a function""}"
260,error,Ze is not a function,error,Ze is not a function,"{""error"":""Ze is not a function""}"
261,error,Ze is not a function,error,Ze is not a function,"{""error"":""Ze is not a function""}"
262,error,Ze is not a function,error,Ze is not a function,"{""error"":""Ze is not a function""}"
263,error,Ze is not a function,error,Ze is not a function,"{""error"":""Ze is not a function""}"
264,error,Ze is not a function,error,Ze is not a function,"{""error"":""Ze is not a function""}"
265,error,Ze is not a function,error,Ze is not a function,"{""error"":""Ze is not a function""}"
266,error,Ze is not a function,error,Ze is not a function,"{""error"":""Ze is not a function""}"
267,error,Ze is not a function,error,Ze is not a function,"{""error"":""Ze is not a function""}"
268,error,Ze is not a function,error,Ze is not a function,"{""error"":""Ze is not a function""}"
269,error,Ze is not a function,error,Ze is not a function,"{""error"":""Ze is not a function""}"